,Category,Title
37062,Sports & Outdoors,Sports Training Notebook: Badminton: For Coaching Instruction On All Levels Of Sport
13513,Travel,Antarctica Satellite [Laminated] (National Geographic Reference Map)
9504,Travel,Eyes to See: U.S. Volunteers in Nicaragua
39187,"Cookbooks, Food & Wine","Pizza, A Slice of American History"
39719,"Cookbooks, Food & Wine",Build Your Own underground Root Cellar
43701,"Cookbooks, Food & Wine",Brown Eggs and Jam Jars: Family Recipes from the Kitchen of Simple Bites
8115,Travel,"Aruba 1:50,000 & Oranjestad 1:10 000 Travel Map, waterproof, BORCH"
32572,Sports & Outdoors,The Fundamentals of Hogan
37794,Sports & Outdoors,Alone: The Triumph and Tragedy of John Curry
9019,Travel,"Virgin Islands Reef Creatures Guide Franko Maps Laminated Fish Card 4"" x 6"""
